time,page 
0,5004.515923968819 
10,5007.369504801434 
20,5008.303608543419 
30,5008.15162724547 
40,5009.71706660407 
50,5012.2969049465655 
60,5012.091902524335 
70,5013.935636233111 
80,5015.092087091192 
90,5015.51244624968 
100,5020.878824089525 
110,5020.282151230806 
120,5023.717337571403 
130,5026.42185798107 
140,5027.341326954915 
150,4890.070984555332 
160,5036.565088957401 
170,5032.90782437474 
180,5033.609964421765 
190,0 
200,0 
210,0 
220,0 
230,0 
230,0 
