time,freemem@tsung_controller@Robbys-MacBook-Pro-2 
0,162.1796875 
10,162.1796875 
20,162.1796875 
30,162.1796875 
40,162.1796875 
50,162.1796875 
60,162.1796875 
70,162.1796875 
80,162.1796875 
90,162.1796875 
100,162.1796875 
110,162.1796875 
120,162.1796875 
130,162.1796875 
140,162.1796875 
150,162.1796875 
160,162.1796875 
170,162.1796875 
180,162.1796875 
190,162.1796875 
200,162.1796875 
210,162.1796875 
220,162.1796875 
230,162.1796875 
