time,load@tsung_controller@Robbys-MacBook-Pro-2 
0,1.1796875 
10,1.765625 
20,2.2421875 
30,2.2421875 
40,2.2421875 
50,2.2421875 
60,2.2421875 
70,2.2421875 
80,2.2421875 
90,2.578125 
100,3.3984375 
110,3.3984375 
120,3.3984375 
130,3.3984375 
140,3.3984375 
150,3.3984375 
160,3.87890625 
170,4.03515625 
180,4.03515625 
190,4.03515625 
200,4.03515625 
210,4.03515625 
220,4.03515625 
230,4.03515625 
