time,page 
0,2.291035833766154 
10,3.7506008328791265 
20,3.852933790698394 
30,4.002122713457093 
40,6.711997495578862 
50,9.431667348132986 
60,9.786161353289026 
70,13.670384526692661 
80,15.720898670464662 
90,16.72973072813058 
100,26.48113063644464 
110,26.667878176415865 
120,31.686697843019676 
130,35.181952170124276 
140,38.561735259426946 
150,823.4019853321043 
160,56.731750950633156 
170,56.820576691752066 
180,52.14891495614748 
190,0 
200,0 
210,0 
220,0 
230,0 
230,0 
