time,load@tsung_controller@Robbys-MacBook-Pro-2 
0,1.1796875 
10,1.765625 
20,2.2421875 
30,2.2109375 
40,2.0234375 
50,1.8671875 
60,2.0390625 
70,2.1796875 
80,2.21875 
90,2.578125 
100,3.3984375 
110,3.2578125 
120,3.0703125 
130,2.90234375 
140,3.06640625 
150,3.3671875 
160,3.87890625 
170,4.03515625 
180,3.8828125 
190,3.66796875 
200,3.41015625 
210,3.19921875 
220,2.78515625 
230,2.74609375 
